wilaya_code,commune_name,zone_sismique,pga_475yr,pga_2475yr
1,ADRAR,0,0.02,0.036000000000000004
1,BIR MOURAD RAIS,0,0.02,0.036000000000000004
1,BOUKADIR,0,0.02,0.036000000000000004
1,LES EUCALYPTUS,0,0.02,0.036000000000000004
1,ORAN,0,0.02,0.036000000000000004
1,OULED AHMED TIMI,0,0.02,0.036000000000000004
1,SIDI MOUSSA,0,0.02,0.036000000000000004
2,ABOU EL HASSEN,III,0.4,0.7200000000000001
2,AIN MERANE,III,0.4,0.7200000000000001
2,AIN-DEFLA,III,0.4,0.7200000000000001
2,BENAIRIA,III,0.4,0.7200000000000001
2,BENI RACHED,III,0.4,0.7200000000000001
2,BOUKADIR,IIb,0.25,0.45
2,BOUZEGHAIA,III,0.4,0.7200000000000001
2,CHETTIA,III,0.4,0.7200000000000001
2,CHLEF,III,0.4,0.7200000000000001
2,DAHRA,III,0.4,0.7200000000000001
2,EL KARIMIA,IIb,0.25,0.45
2,EL MARSA CHLEF,III,0.4,0.7200000000000001
2,LABIODH MEDJADJA,III,0.4,0.7200000000000001
2,OUED FODDA,III,0.4,0.7200000000000001
2,OUED GHOUSSINE,III,0.4,0.7200000000000001
2,OUED RHIOU,III,0.4,0.7200000000000001
2,OUED SLY,IIb,0.25,0.45
2,OULED ABBES,III,0.4,0.7200000000000001
2,OULED BEN ABDELKADER,III,0.4,0.7200000000000001
2,OULED FARES,III,0.4,0.7200000000000001
2,OUM DROU,III,0.4,0.7200000000000001
2,SENDJAS,IIb,0.25,0.45
2,SOBHA,III,0.4,0.7200000000000001
2,SOUMAA BLIDA,III,0.4,0.7200000000000001
2,TAOUGRITE,III,0.4,0.7200000000000001
2,TENES,III,0.4,0.7200000000000001
2,TIMOKTEN,III,0.4,0.7200000000000001
2,ZEBOUDJA,III,0.4,0.7200000000000001
3,AFLOU,I,0.07,0.12600000000000003
3,AIN MADHI,I,0.07,0.12600000000000003
3,BATNA,I,0.07,0.12600000000000003
3,EL ASSAFIA,I,0.07,0.12600000000000003
3,EL IDRISSIA,I,0.07,0.12600000000000003
3,HASSI DHELAA,I,0.07,0.12600000000000003
3,HASSI RMEL,I,0.07,0.12600000000000003
3,KHENEG,I,0.07,0.12600000000000003
3,KSAR EL HIRANE,I,0.07,0.12600000000000003
3,LAGHOUAT,I,0.07,0.12600000000000003
3,SIDI MAKHLOUF,I,0.07,0.12600000000000003
3,TADJEMOUT,I,0.07,0.12600000000000003
3,TADJROUNA,I,0.07,0.12600000000000003
4,AIN KECHRA,I,0.07,0.12600000000000003
4,AIN KERCHA,I,0.07,0.12600000000000003
4,AIN MLILA,I,0.07,0.12600000000000003
4,BATNA,I,0.07,0.12600000000000003
4,BIR CHOUHADA,I,0.07,0.12600000000000003
4,DHALAA,I,0.07,0.12600000000000003
4,EL HARMILIA,I,0.07,0.12600000000000003
4,HANCHIR TOUMGHANI,I,0.07,0.12600000000000003
4,MAGRA,I,0.07,0.12600000000000003
4,OULED GACEM,I,0.07,0.12600000000000003
4,OULED HAMLA,I,0.07,0.12600000000000003
4,OULED RAHMOUN,I,0.07,0.12600000000000003
4,OULED ZOUAI,I,0.07,0.12600000000000003
4,OUM EL BOUAGHI,I,0.07,0.12600000000000003
4,SIGUS,I,0.07,0.12600000000000003
4,SOUK NAAMANE,I,0.07,0.12600000000000003
5,AIN DJASSER,I,0.07,0.12600000000000003
5,AIN TOUTA,I,0.07,0.12600000000000003
5,AIN YAGOUT,I,0.07,0.12600000000000003
5,ALGER,I,0.07,0.12600000000000003
5,ARRIS,I,0.07,0.12600000000000003
5,BARIKA,I,0.07,0.12600000000000003
5,BATHIA,I,0.07,0.12600000000000003
5,BATNA,I,0.07,0.12600000000000003
5,BEJAIA,I,0.07,0.12600000000000003
5,BELAIBA,I,0.07,0.12600000000000003
5,BITAM,I,0.07,0.12600000000000003
5,BOUHMAMA,I,0.07,0.12600000000000003
5,BOULEHILET,I,0.07,0.12600000000000003
5,BOUZINA,I,0.07,0.12600000000000003
5,CHEMORA,I,0.07,0.12600000000000003
5,CHIR,I,0.07,0.12600000000000003
5,DJERMA,I,0.07,0.12600000000000003
5,DJEZZAR,I,0.07,0.12600000000000003
5,EL MADHER,I,0.07,0.12600000000000003
5,FESDIS,I,0.07,0.12600000000000003
5,FOUM TOUB,I,0.07,0.12600000000000003
5,GHASSIRA,I,0.07,0.12600000000000003
5,HIDOUSSA,I,0.07,0.12600000000000003
5,ICHEMOUL,I,0.07,0.12600000000000003
5,INOUGHISSENE,I,0.07,0.12600000000000003
5,KIMMEL,I,0.07,0.12600000000000003
5,MAGRA,I,0.07,0.12600000000000003
5,MENAA BATNA,I,0.07,0.12600000000000003
5,MENAA M SILA,I,0.07,0.12600000000000003
5,MEROUANA,I,0.07,0.12600000000000003
5,MSILA,I,0.07,0.12600000000000003
5,NADOR,I,0.07,0.12600000000000003
5,NGAOUS,I,0.07,0.12600000000000003
5,OUED CHAABA,I,0.07,0.12600000000000003
5,OUED TAGA,I,0.07,0.12600000000000003
5,OULED FADEL,I,0.07,0.12600000000000003
5,OULED HAMLA,I,0.07,0.12600000000000003
5,OULED SELLAM,I,0.07,0.12600000000000003
5,OUM EL BOUAGHI,I,0.07,0.12600000000000003
5,OUYOUN EL ASSAFIR,I,0.07,0.12600000000000003
5,RAS EL AIOUN,I,0.07,0.12600000000000003
5,SEFIANE,I,0.07,0.12600000000000003
5,SEGGANA,I,0.07,0.12600000000000003
5,SERIANA,I,0.07,0.12600000000000003
5,TAGHIT,I,0.07,0.12600000000000003
5,TAXLENT,I,0.07,0.12600000000000003
5,TAZMALT,I,0.07,0.12600000000000003
5,TAZOULT,I,0.07,0.12600000000000003
5,THENIET EL ABED,I,0.07,0.12600000000000003
5,TICHI,I,0.07,0.12600000000000003
5,TIGHANIMINE,I,0.07,0.12600000000000003
5,TIGHARGHAR,I,0.07,0.12600000000000003
5,TIMGAD,I,0.07,0.12600000000000003
5,TKOUT,I,0.07,0.12600000000000003
5,YABOUS,I,0.07,0.12600000000000003
5,ZANA EL BEIDA,I,0.07,0.12600000000000003
6,ADEKAR,IIa,0.15,0.27
6,AIT R_ZINE,IIa,0.15,0.27
6,AIT SMAIL,IIa,0.15,0.27
6,AKBOU,IIa,0.15,0.27
6,AMALOU,IIa,0.15,0.27
6,AMIZOUR,IIa,0.15,0.27
6,AOKAS,IIa,0.15,0.27
6,BARBACHA,IIa,0.15,0.27
6,BATNA,IIa,0.15,0.27
6,BEJAIA,IIa,0.15,0.27
6,BENI DJELLIL,IIa,0.15,0.27
6,BENI KSILA BEJAIA,IIa,0.15,0.27
6,BENI MAOUCHE,IIa,0.15,0.27
6,BENI MELIKECH,IIa,0.15,0.27
6,BOUDJELLIL,IIa,0.15,0.27
6,BOUHAMZA,IIa,0.15,0.27
6,BOUKHELIFA,IIa,0.15,0.27
6,BOUSSELAM,IIa,0.15,0.27
6,CHELATA,IIa,0.15,0.27
6,CHELLALA,IIa,0.15,0.27
6,CHEMINI,IIa,0.15,0.27
6,DARGUINA,IIa,0.15,0.27
6,DRAA EL KAID,IIa,0.15,0.27
6,EL KSEUR,IIa,0.15,0.27
6,FERRAOUN,IIa,0.15,0.27
6,IFELAIN ILMATHEN,IIa,0.15,0.27
6,IGHIL ALI,IIa,0.15,0.27
6,IGHRAM,IIa,0.15,0.27
6,KENDIRA,IIa,0.15,0.27
6,KHERRATA,IIa,0.15,0.27
6,LEFLAYE,IIa,0.15,0.27
6,MELBOU,IIa,0.15,0.27
6,OUED GHIR,IIa,0.15,0.27
6,OUZELLAGUEN,IIa,0.15,0.27
6,SEDDOUK,IIa,0.15,0.27
6,SEMAOUNE,IIa,0.15,0.27
6,SETIF,IIa,0.15,0.27
6,SIDI AHMED,IIa,0.15,0.27
6,SIDI AICH,IIa,0.15,0.27
6,SIDI ALI,IIa,0.15,0.27
6,SIDI AYAD,IIa,0.15,0.27
6,SOUIDANIA,IIa,0.15,0.27
6,SOUK EL TENINE,IIa,0.15,0.27
6,SOUK EL THENINE,IIa,0.15,0.27
6,SOUK OUFELLA,IIa,0.15,0.27
6,TALA HAMZA,IIa,0.15,0.27
6,TAMRIDJET,IIa,0.15,0.27
6,TAOURIRT IGHIL,IIa,0.15,0.27
6,TASKRIOUT,IIa,0.15,0.27
6,TAZMALT,IIa,0.15,0.27
6,TIBANE,IIa,0.15,0.27
6,TICHI,IIa,0.15,0.27
6,TIFRA,IIa,0.15,0.27
6,TIMEZRIT,IIa,0.15,0.27
6,TIMZRIT,IIa,0.15,0.27
6,TINEBDAR,IIa,0.15,0.27
6,TIZI NBERBER,IIa,0.15,0.27
6,TOUDJA,IIa,0.15,0.27
7,AIN ZAATOUT,I,0.07,0.12600000000000003
7,BEN AZZOUZ,I,0.07,0.12600000000000003
7,BISKRA,I,0.07,0.12600000000000003
7,BRANIS,I,0.07,0.12600000000000003
7,CHETMA,I,0.07,0.12600000000000003
7,DJEMORAH,I,0.07,0.12600000000000003
7,EL FEIDH,I,0.07,0.12600000000000003
7,EL GHROUS,I,0.07,0.12600000000000003
7,EL HADJEB,I,0.07,0.12600000000000003
7,EL KANTARA,I,0.07,0.12600000000000003
7,EL OUTAYA,I,0.07,0.12600000000000003
7,LICHANA,I,0.07,0.12600000000000003
7,MLILI,I,0.07,0.12600000000000003
7,M_CHOUNECHE,I,0.07,0.12600000000000003
7,OUMACHE,I,0.07,0.12600000000000003
7,SIDI OKBA,I,0.07,0.12600000000000003
7,TAZMALT,I,0.07,0.12600000000000003
7,TOLGA,I,0.07,0.12600000000000003
7,ZERIBET EL OUED,I,0.07,0.12600000000000003
8,BECHAR,I,0.07,0.12600000000000003
8,GUERROUAOU,I,0.07,0.12600000000000003
8,OULED YAICH BLIDA,I,0.07,0.12600000000000003
9,AIN ROMANA,IIb,0.25,0.45
9,ALGER,III,0.4,0.7200000000000001
9,BARAKI,III,0.4,0.7200000000000001
9,BEN KHELIL,III,0.4,0.7200000000000001
9,BENI MERED,III,0.4,0.7200000000000001
9,BENI TAMOU,III,0.4,0.7200000000000001
9,BIRTOUTA,III,0.4,0.7200000000000001
9,BLIDA,III,0.4,0.7200000000000001
9,BOUARFA,III,0.4,0.7200000000000001
9,BOUFARIK,III,0.4,0.7200000000000001
9,BOUGARA BLIDA,IIb,0.25,0.45
9,BOUINAN,III,0.4,0.7200000000000001
9,CHEBLI,III,0.4,0.7200000000000001
9,CHIFFA,III,0.4,0.7200000000000001
9,CHREA,III,0.4,0.7200000000000001
9,DELY BRAHIM,III,0.4,0.7200000000000001
9,DOUERA,III,0.4,0.7200000000000001
9,DRARIA,III,0.4,0.7200000000000001
9,EL AFFROUN,III,0.4,0.7200000000000001
9,GUERROUAOU,III,0.4,0.7200000000000001
9,HADJOUT,III,0.4,0.7200000000000001
9,HAMMAM MELOUANE,IIb,0.25,0.45
9,HAMMEDI,III,0.4,0.7200000000000001
9,HUSSEIN DEY,III,0.4,0.7200000000000001
9,KOLEA,III,0.4,0.7200000000000001
9,LARBAA BLIDA,IIb,0.25,0.45
9,LARBATACHE,III,0.4,0.7200000000000001
9,LES EUCALYPTUS,III,0.4,0.7200000000000001
9,MEFTAH,IIb,0.25,0.45
9,MEURAD,III,0.4,0.7200000000000001
9,MOUZAIA,III,0.4,0.7200000000000001
9,OUED DJER,III,0.4,0.7200000000000001
9,OUED EL ALLEUG,III,0.4,0.7200000000000001
9,OULED SELLAM,III,0.4,0.7200000000000001
9,OULED SLAMA,III,0.4,0.7200000000000001
9,OULED YAICH BLIDA,III,0.4,0.7200000000000001
9,OULED YAICH RELIZANE,III,0.4,0.7200000000000001
9,SIDI AISSA,III,0.4,0.7200000000000001
9,SIDI GHILES,III,0.4,0.7200000000000001
9,SIDI MOUSSA,III,0.4,0.7200000000000001
9,SOUMAA BLIDA,III,0.4,0.7200000000000001
9,TIPAZA,III,0.4,0.7200000000000001
10,AGHBALOU,IIa,0.15,0.27
10,AHL EL KSAR,IIa,0.15,0.27
10,AIN BESSAM,IIa,0.15,0.27
10,AIN EL HADJAR BOUIRA,IIa,0.15,0.27
10,AIN LAHDJAR,IIa,0.15,0.27
10,AIN LALOUI,IIa,0.15,0.27
10,AIN TURK BOUIRA,IIa,0.15,0.27
10,AIT LAAZIZ,IIa,0.15,0.27
10,AOMAR,IIa,0.15,0.27
10,ATH MANSOUR,IIa,0.15,0.27
10,BECHLOUL,IIa,0.15,0.27
10,BIR GHBALOU,IIa,0.15,0.27
10,BOGHNI,IIa,0.15,0.27
10,BORDJ MENAIEL,IIa,0.15,0.27
10,BORDJ OUKHRISS,IIa,0.15,0.27
10,BOUINAN,IIa,0.15,0.27
10,BOUIRA,IIa,0.15,0.27
10,BOUKRAM,IIa,0.15,0.27
10,CHABET EL AMEUR,IIa,0.15,0.27
10,CHELLALAT EL ADHAOURA,IIa,0.15,0.27
10,CHERAGA ALGER,IIa,0.15,0.27
10,CHEURFA,IIa,0.15,0.27
10,CHORFA BOUIRA,IIa,0.15,0.27
10,DECHMIA,IIa,0.15,0.27
10,DIRAH,IIa,0.15,0.27
10,DJEBAHIA,IIa,0.15,0.27
10,DJISR KSENTINA,IIa,0.15,0.27
10,EL ADJIBA,IIa,0.15,0.27
10,EL ASNAM,IIa,0.15,0.27
10,EL HACHIMIA,IIa,0.15,0.27
10,EL MOKRANI,IIa,0.15,0.27
10,GUERROUMA,IIa,0.15,0.27
10,HADJERA ZERGA,IIa,0.15,0.27
10,HAIZER,IIa,0.15,0.27
10,HAMMEDI,IIa,0.15,0.27
10,HANIF,IIa,0.15,0.27
10,IGHRAM,IIa,0.15,0.27
10,KADIRIA,IIa,0.15,0.27
10,KOUBA,IIa,0.15,0.27
10,LAKHDARIA,IIa,0.15,0.27
10,MCHEDALLAH,IIa,0.15,0.27
10,OUED EL BERDI,IIa,0.15,0.27
10,OULED RACHED,IIa,0.15,0.27
10,RAOURAOUA,IIa,0.15,0.27
10,SAHARIDJ,IIa,0.15,0.27
10,SOUK EL KHEMIS,IIa,0.15,0.27
10,SOUR EL GHOZLANE,IIa,0.15,0.27
10,TAGHZOUT BOUIRA,IIa,0.15,0.27
10,TAGUEDIT,IIa,0.15,0.27
10,TAMANRASSET,IIa,0.15,0.27
10,TIZI OUZOU,IIa,0.15,0.27
11,ABALESSA,0,0.02,0.036000000000000004
11,DELDOUL ADRAR,0,0.02,0.036000000000000004
11,EL EULMA,0,0.02,0.036000000000000004
11,GUERROUAOU,0,0.02,0.036000000000000004
11,IDLES,0,0.02,0.036000000000000004
11,IN GUEZZAM,0,0.02,0.036000000000000004
11,SETIF,0,0.02,0.036000000000000004
11,SI MAHDJOUB,0,0.02,0.036000000000000004
11,TAMANRASSET,0,0.02,0.036000000000000004
11,TAMEST,0,0.02,0.036000000000000004
11,TAZROUK,0,0.02,0.036000000000000004
11,TIN ZAOUATINE,0,0.02,0.036000000000000004
12,AIN ZERGA,I,0.07,0.12600000000000003
12,BEKKARIA,I,0.07,0.12600000000000003
12,BIR EL ATER,I,0.07,0.12600000000000003
12,BIR MOKADEM,I,0.07,0.12600000000000003
12,BOUKHADRA,I,0.07,0.12600000000000003
12,BOULHAF DYR,I,0.07,0.12600000000000003
12,CHERAIA,I,0.07,0.12600000000000003
12,CHERIA,I,0.07,0.12600000000000003
12,EL AOUINET TEBESSA,I,0.07,0.12600000000000003
12,EL HOUIDJBET,I,0.07,0.12600000000000003
12,EL KOUIF,I,0.07,0.12600000000000003
12,EL MERIDJ,I,0.07,0.12600000000000003
12,EL OGLA TEBESSA,I,0.07,0.12600000000000003
12,EL OUENZA,I,0.07,0.12600000000000003
12,FERKANE,I,0.07,0.12600000000000003
12,HAMMAMET,I,0.07,0.12600000000000003
12,MORSOT,I,0.07,0.12600000000000003
12,NEGRINE,I,0.07,0.12600000000000003
12,RAS EL AIOUN,I,0.07,0.12600000000000003
12,SAFSAF EL OUESRA,I,0.07,0.12600000000000003
12,TEBESSA,I,0.07,0.12600000000000003
12,THLIDJENE,I,0.07,0.12600000000000003
13,AIN FEZZA,I,0.07,0.12600000000000003
13,AIN YOUCEF,I,0.07,0.12600000000000003
13,BENI MESTER,I,0.07,0.12600000000000003
13,BENI SNOUS,I,0.07,0.12600000000000003
13,BENSEKRANE,I,0.07,0.12600000000000003
13,CHETOUANE,I,0.07,0.12600000000000003
13,EL MANSOURA,I,0.07,0.12600000000000003
13,GHAZAOUET,I,0.07,0.12600000000000003
13,HAMMAM BOUGHRARA,I,0.07,0.12600000000000003
13,HENAYA,I,0.07,0.12600000000000003
13,LES EUCALYPTUS,I,0.07,0.12600000000000003
13,MAGHNIA,I,0.07,0.12600000000000003
13,MANSOURA,I,0.07,0.12600000000000003
13,MANSOURAH TLEMCEN,I,0.07,0.12600000000000003
13,MERSA BEN MHIDI,I,0.07,0.12600000000000003
13,NEDROMA,I,0.07,0.12600000000000003
13,OULED MIMOUN,I,0.07,0.12600000000000003
13,REMCHI,I,0.07,0.12600000000000003
13,SABRA,I,0.07,0.12600000000000003
13,TLEMCEN,I,0.07,0.12600000000000003
14,AIN BOUCHEKIF,I,0.07,0.12600000000000003
14,AIN KERMES,I,0.07,0.12600000000000003
14,AIN ZARIT,I,0.07,0.12600000000000003
14,BOGHNI,I,0.07,0.12600000000000003
14,CHELLALA,I,0.07,0.12600000000000003
14,DAHMOUNI,I,0.07,0.12600000000000003
14,DJILLALI BEN AMAR,I,0.07,0.12600000000000003
14,FRENDA,I,0.07,0.12600000000000003
14,HAMADIA,I,0.07,0.12600000000000003
14,KSAR CHELLALA,I,0.07,0.12600000000000003
14,MACHRAA SFA,I,0.07,0.12600000000000003
14,MAHDIA,I,0.07,0.12600000000000003
14,MEDRISSA,I,0.07,0.12600000000000003
14,MEDROUSSA,I,0.07,0.12600000000000003
14,MEGHILA,I,0.07,0.12600000000000003
14,MELLAKOU,I,0.07,0.12600000000000003
14,OUED LILLI,I,0.07,0.12600000000000003
14,RAHOUIA,I,0.07,0.12600000000000003
14,SEBAINE,I,0.07,0.12600000000000003
14,SIDI HOSNI,I,0.07,0.12600000000000003
14,SOUGUEUR,I,0.07,0.12600000000000003
14,TIARET,I,0.07,0.12600000000000003
14,TIGZIRT,I,0.07,0.12600000000000003
15,ABI YOUCEF,IIa,0.15,0.27
15,ADRAR,IIa,0.15,0.27
15,AFIR,IIa,0.15,0.27
15,AGHNI GOUGHRAN,IIa,0.15,0.27
15,AGHRIB,IIa,0.15,0.27
15,AIN EL HAMMAM,IIa,0.15,0.27
15,AIN ZAOUIA,IIa,0.15,0.27
15,AIT AGGOUACHA,IIa,0.15,0.27
15,AIT AISSA MIMOUN,IIa,0.15,0.27
15,AIT BOUADOU,IIa,0.15,0.27
15,AIT BOUMAHDI,IIa,0.15,0.27
15,AIT CHAFFAA,IIa,0.15,0.27
15,AIT KHELILI,IIa,0.15,0.27
15,AIT MAHMOUD,IIa,0.15,0.27
15,AIT OUMALOU,IIa,0.15,0.27
15,AIT TOUDERT,IIa,0.15,0.27
15,AIT YAHIA,IIa,0.15,0.27
15,AIT YAHIA MOUSSA,IIa,0.15,0.27
15,AKBIL,IIa,0.15,0.27
15,AKBOU,IIa,0.15,0.27
15,AKERROU,IIa,0.15,0.27
15,ASSI YOUCEF,IIa,0.15,0.27
15,AZAZGA,IIa,0.15,0.27
15,AZEFFOUN,IIa,0.15,0.27
15,AZZABA,IIa,0.15,0.27
15,BAGHLIA,IIa,0.15,0.27
15,BEB EZZOUAR,IIa,0.15,0.27
15,BEJAIA,IIa,0.15,0.27
15,BENI AISSI,IIa,0.15,0.27
15,BENI DOUALA,IIa,0.15,0.27
15,BENI KSILA BEJAIA,IIa,0.15,0.27
15,BENI MESSOUS,IIa,0.15,0.27
15,BENI YENNI,IIa,0.15,0.27
15,BENI ZIKI,IIa,0.15,0.27
15,BENI ZMENZER,IIa,0.15,0.27
15,BIRTOUTA,IIa,0.15,0.27
15,BOGHAR,IIa,0.15,0.27
15,BOGHNI,IIa,0.15,0.27
15,BOU ISMAIL,IIa,0.15,0.27
15,BOUDA,IIa,0.15,0.27
15,BOUDJIMA,IIa,0.15,0.27
15,BOUIRA,IIa,0.15,0.27
15,BOUKHELIFA,IIa,0.15,0.27
15,BOUMERDES,IIa,0.15,0.27
15,BOUNOUH,IIa,0.15,0.27
15,BOUZGUEN,IIa,0.15,0.27
15,CHABET EL AMEUR,IIa,0.15,0.27
15,CHERAGA ALGER,IIa,0.15,0.27
15,CHIFFA,IIa,0.15,0.27
15,DELLYS,IIa,0.15,0.27
15,DELY BRAHIM,IIa,0.15,0.27
15,DRAA BEN KHEDDA,IIa,0.15,0.27
15,DRAA EL MIZAN,IIa,0.15,0.27
15,FREHA,IIa,0.15,0.27
15,FRIKAT,IIa,0.15,0.27
15,HARAOUA,IIa,0.15,0.27
15,HASNAOUA,IIa,0.15,0.27
15,HYDRA,IIa,0.15,0.27
15,IBOUDRAREN,IIa,0.15,0.27
15,IDJEUR,IIa,0.15,0.27
15,IFERHOUNENE,IIa,0.15,0.27
15,IFIGHA,IIa,0.15,0.27
15,IFLISSEN TIZI OUZOU,IIa,0.15,0.27
15,IGHIL ALI,IIa,0.15,0.27
15,ILLILTEN,IIa,0.15,0.27
15,ILOULA OUMALOU,IIa,0.15,0.27
15,IMSOUHAL,IIa,0.15,0.27
15,IRDJEN,IIa,0.15,0.27
15,LAKHDARIA,IIa,0.15,0.27
15,LARBA NAIT IRATHEN,IIa,0.15,0.27
15,LAYOUNE,IIa,0.15,0.27
15,LES EUCALYPTUS,IIa,0.15,0.27
15,MAATKA,IIa,0.15,0.27
15,MAKOUDA,IIa,0.15,0.27
15,MECHTRASS,IIa,0.15,0.27
15,MEKLA,IIa,0.15,0.27
15,MIZRANA,IIb,0.25,0.45
15,MKIRA,IIa,0.15,0.27
15,NACIRIA,IIa,0.15,0.27
15,OUACIF,IIa,0.15,0.27
15,OUADHIA,IIa,0.15,0.27
15,OUAGUENOUN,IIa,0.15,0.27
15,OUM EL BOUAGHI,IIa,0.15,0.27
15,REGHAIA,IIa,0.15,0.27
15,SIDI MHAMED ALGER,IIa,0.15,0.27
15,SIDI NAAMANE TIZI OUZOU,IIa,0.15,0.27
15,SOUAMAA,IIa,0.15,0.27
15,SOUK EL KHEMIS,IIa,0.15,0.27
15,SOUK EL TENINE,IIa,0.15,0.27
15,SOUK EL THENINE,IIa,0.15,0.27
15,SOUK OUFELLA,IIa,0.15,0.27
15,TADMAIT,IIa,0.15,0.27
15,TAMANRASSET,IIa,0.15,0.27
15,TAMRIDJET,IIa,0.15,0.27
15,TIFRA,IIa,0.15,0.27
15,TIGHENNIF,IIa,0.15,0.27
15,TIGZIRT,IIa,0.15,0.27
15,TIMIZART,IIa,0.15,0.27
15,TIRMITINE,IIa,0.15,0.27
15,TIZI,IIa,0.15,0.27
15,TIZI GHENIF,IIa,0.15,0.27
15,TIZI NTHLETA,IIa,0.15,0.27
15,TIZI OUZOU,IIa,0.15,0.27
15,TIZI RACHED,IIa,0.15,0.27
15,YAKOUREN,IIa,0.15,0.27
15,YATAFEN,IIa,0.15,0.27
15,ZEKRI,IIa,0.15,0.27
15,ZEMMOURI,IIa,0.15,0.27
16,ADRAR,III,0.4,0.7200000000000001
16,AIN BENIAN (AIN DEFLA),III,0.4,0.7200000000000001
16,AIN BENIAN (ALGER),III,0.4,0.7200000000000001
16,AIN EL MELH,III,0.4,0.7200000000000001
16,AIN LAGRADJ,III,0.4,0.7200000000000001
16,AIN NAGA,III,0.4,0.7200000000000001
16,AIN TAYA,III,0.4,0.7200000000000001
16,AIN TEDLES,III,0.4,0.7200000000000001
16,AKABILI,III,0.4,0.7200000000000001
16,ALGER,III,0.4,0.7200000000000001
16,ANNABA,III,0.4,0.7200000000000001
16,AZAZGA,III,0.4,0.7200000000000001
16,BAB EL OUED,III,0.4,0.7200000000000001
16,BABA HASSEN,III,0.4,0.7200000000000001
16,BABAR,III,0.4,0.7200000000000001
16,BACH DJERRAH,III,0.4,0.7200000000000001
16,BAINS ROMAINS,III,0.4,0.7200000000000001
16,BARAKI,III,0.4,0.7200000000000001
16,BARBACHA,III,0.4,0.7200000000000001
16,BATNA,III,0.4,0.7200000000000001
16,BEB EZZOUAR,III,0.4,0.7200000000000001
16,BEJAIA,III,0.4,0.7200000000000001
16,BEN AKNOUN,III,0.4,0.7200000000000001
16,BENDJERRAH,III,0.4,0.7200000000000001
16,BENI AMRANE,III,0.4,0.7200000000000001
16,BENI MESSOUS,III,0.4,0.7200000000000001
16,BIR KHADEM,III,0.4,0.7200000000000001
16,BIR MOURAD RAIS,III,0.4,0.7200000000000001
16,BIRTOUTA,III,0.4,0.7200000000000001
16,BLIDA,III,0.4,0.7200000000000001
16,BOGHNI,III,0.4,0.7200000000000001
16,BOLOGHINE IBN ZIRI,III,0.4,0.7200000000000001
16,BORDJ BOU ARRERIDJ,III,0.4,0.7200000000000001
16,BORDJ EL BAHRI,III,0.4,0.7200000000000001
16,BORDJ EL HAOUES,III,0.4,0.7200000000000001
16,BORDJ EL KIFFAN,III,0.4,0.7200000000000001
16,BORDJ MENAIEL,III,0.4,0.7200000000000001
16,BOU ISMAIL,III,0.4,0.7200000000000001
16,BOUDOUAOU,III,0.4,0.7200000000000001
16,BOUDOUAOU EL BAHRI,III,0.4,0.7200000000000001
16,BOUFARIK,III,0.4,0.7200000000000001
16,BOUGARA BLIDA,III,0.4,0.7200000000000001
16,BOUHAROUN,III,0.4,0.7200000000000001
16,BOUINAN,III,0.4,0.7200000000000001
16,BOUIRA,III,0.4,0.7200000000000001
16,BOUMERDES,III,0.4,0.7200000000000001
16,BOUROUBA,III,0.4,0.7200000000000001
16,BOUZAREAH,III,0.4,0.7200000000000001
16,BOUZGUEN,III,0.4,0.7200000000000001
16,CASBAH,III,0.4,0.7200000000000001
16,CHAIBA,III,0.4,0.7200000000000001
16,CHEBLI,III,0.4,0.7200000000000001
16,CHERAGA ALGER,III,0.4,0.7200000000000001
16,CHERAGA MILA,III,0.4,0.7200000000000001
16,CHERAIA,III,0.4,0.7200000000000001
16,CHERCHAR,III,0.4,0.7200000000000001
16,CHERCHEL,III,0.4,0.7200000000000001
16,CONSTANTINE,III,0.4,0.7200000000000001
16,CORSO,III,0.4,0.7200000000000001
16,DAR CHIOUKH,III,0.4,0.7200000000000001
16,DAR EL BEIDA,III,0.4,0.7200000000000001
16,DARGUINA,III,0.4,0.7200000000000001
16,DELLYS,III,0.4,0.7200000000000001
16,DELY BRAHIM,III,0.4,0.7200000000000001
16,DIDOUCHE MOURAD,III,0.4,0.7200000000000001
16,DJELFA,III,0.4,0.7200000000000001
16,DJISR KSENTINA,III,0.4,0.7200000000000001
16,DOUAOUDA,III,0.4,0.7200000000000001
16,DOUERA,III,0.4,0.7200000000000001
16,DRAA ESSMAR,III,0.4,0.7200000000000001
16,DRARIA,III,0.4,0.7200000000000001
16,ECH CHAIBA,III,0.4,0.7200000000000001
16,EL ACHIR,III,0.4,0.7200000000000001
16,EL ACHOUR,III,0.4,0.7200000000000001
16,EL BIAR,III,0.4,0.7200000000000001
16,EL BORDJ,III,0.4,0.7200000000000001
16,EL HARRACH,III,0.4,0.7200000000000001
16,EL KHROUB,III,0.4,0.7200000000000001
16,EL MADANIA,III,0.4,0.7200000000000001
16,EL MAGHARIA,III,0.4,0.7200000000000001
16,EL MARSA ALGER,III,0.4,0.7200000000000001
16,EL MEHARA,III,0.4,0.7200000000000001
16,EL MOURADIA,III,0.4,0.7200000000000001
16,FOUKA,III,0.4,0.7200000000000001
16,GHARDAIA,III,0.4,0.7200000000000001
16,GUERROUAOU,III,0.4,0.7200000000000001
16,HAMMA ANASSERS,III,0.4,0.7200000000000001
16,HAMMAMET,III,0.4,0.7200000000000001
16,HAMMEDI,III,0.4,0.7200000000000001
16,HARAOUA,III,0.4,0.7200000000000001
16,HUSSEIN DEY,III,0.4,0.7200000000000001
16,HYDRA,III,0.4,0.7200000000000001
16,KHEMIS EL KHECHNA,III,0.4,0.7200000000000001
16,KHEMIS MILIANA,III,0.4,0.7200000000000001
16,KHRAISSIA,III,0.4,0.7200000000000001
16,KOLEA,III,0.4,0.7200000000000001
16,KOUBA,III,0.4,0.7200000000000001
16,LAGHOUAT,III,0.4,0.7200000000000001
16,LARBAA BLIDA,III,0.4,0.7200000000000001
16,LARBATACHE,III,0.4,0.7200000000000001
16,LES EUCALYPTUS,III,0.4,0.7200000000000001
16,MAHELMA,III,0.4,0.7200000000000001
16,MEDEA,III,0.4,0.7200000000000001
16,MEFTAH,III,0.4,0.7200000000000001
16,MILA,III,0.4,0.7200000000000001
16,MOHAMMADIA ALGER,III,0.4,0.7200000000000001
16,MOSTAGANEM,III,0.4,0.7200000000000001
16,MSILA,III,0.4,0.7200000000000001
16,ORAN,III,0.4,0.7200000000000001
16,OUED EL ALLEUG,III,0.4,0.7200000000000001
16,OUED KORICHE,III,0.4,0.7200000000000001
16,OUED SMAR,III,0.4,0.7200000000000001
16,OULED CHEBEL,III,0.4,0.7200000000000001
16,OULED FAYET,III,0.4,0.7200000000000001
16,OULED HADJADJ,III,0.4,0.7200000000000001
16,OULED MOUSSA,III,0.4,0.7200000000000001
16,OULED SLAMA,III,0.4,0.7200000000000001
16,OULED YAICH BLIDA,III,0.4,0.7200000000000001
16,RAHMANIA,III,0.4,0.7200000000000001
16,RAIS HAMIDOU,III,0.4,0.7200000000000001
16,REGHAIA,III,0.4,0.7200000000000001
16,ROUIBA,III,0.4,0.7200000000000001
16,ROUINA,III,0.4,0.7200000000000001
16,SAOULA,III,0.4,0.7200000000000001
16,SEHAILIA,III,0.4,0.7200000000000001
16,SETIF,III,0.4,0.7200000000000001
16,SIDI AHMED,III,0.4,0.7200000000000001
16,SIDI FREDJ,III,0.4,0.7200000000000001
16,SIDI LAKHDAR AIN DEFLA,III,0.4,0.7200000000000001
16,SIDI MHAMED ALGER,III,0.4,0.7200000000000001
16,SIDI MOUSSA,III,0.4,0.7200000000000001
16,SKIKDA,III,0.4,0.7200000000000001
16,SOUIDANIA,III,0.4,0.7200000000000001
16,SOUMAA BLIDA,III,0.4,0.7200000000000001
16,STAOUELI,III,0.4,0.7200000000000001
16,TADJENANET,III,0.4,0.7200000000000001
16,TAMANRASSET,III,0.4,0.7200000000000001
16,TASSALA EL MERDJA,III,0.4,0.7200000000000001
16,TERRAI BAINEM,III,0.4,0.7200000000000001
16,TESSALA,III,0.4,0.7200000000000001
16,TIPAZA,III,0.4,0.7200000000000001
16,TIZI OUZOU,III,0.4,0.7200000000000001
16,ZEDDINE,III,0.4,0.7200000000000001
16,ZEMMOURI,III,0.4,0.7200000000000001
16,ZERALDA,III,0.4,0.7200000000000001
17,AIN OUESSARA,I,0.07,0.12600000000000003
17,BEB EZZOUAR,I,0.07,0.12600000000000003
17,BENHAR,I,0.07,0.12600000000000003
17,BOUSAADA,I,0.07,0.12600000000000003
17,DAR CHIOUKH,I,0.07,0.12600000000000003
17,DAR EL BEIDA,I,0.07,0.12600000000000003
17,DJELFA,I,0.07,0.12600000000000003
17,DJISR KSENTINA,I,0.07,0.12600000000000003
17,HAD SAHARY,I,0.07,0.12600000000000003
17,HASSI BAHBAH,I,0.07,0.12600000000000003
17,LAGHOUAT,I,0.07,0.12600000000000003
17,LES EUCALYPTUS,I,0.07,0.12600000000000003
17,MOHAMMADIA ALGER,I,0.07,0.12600000000000003
17,REGHAIA,I,0.07,0.12600000000000003
17,SIDI LAADJEL,I,0.07,0.12600000000000003
17,SOUIDANIA,I,0.07,0.12600000000000003
18,BORDJ TAHER,IIa,0.15,0.27
18,BOURAOUI BELHADEF,IIa,0.15,0.27
18,BOUSSIF OULED AKSEUR,IIa,0.15,0.27
18,CHAHNA,IIa,0.15,0.27
18,CHEBBALA MILAT,IIa,0.15,0.27
18,CHEKFA,IIa,0.15,0.27
18,DJEMAA BENI HABIBI,IIa,0.15,0.27
18,EL ANCER,IIa,0.15,0.27
18,EL AOUANA,IIa,0.15,0.27
18,EL EULMA,IIa,0.15,0.27
18,EL KENNAR NOUCHFI,IIa,0.15,0.27
18,EL MILIA,IIa,0.15,0.27
18,EMIR ABDELKADER,IIa,0.15,0.27
18,ERRAGUENE,IIa,0.15,0.27
18,JIJEL,IIa,0.15,0.27
18,KAOUS,IIa,0.15,0.27
18,KIMIR OUED ADJOUL,IIa,0.15,0.27
18,MAHELMA,IIa,0.15,0.27
18,MILA,IIa,0.15,0.27
18,OUDJANA,IIa,0.15,0.27
18,SETTARA,IIa,0.15,0.27
18,SIDI ABDELAZIZ,IIa,0.15,0.27
18,SIDI MAAROUF,IIa,0.15,0.27
18,TAHER,IIa,0.15,0.27
18,TEXENNA,IIa,0.15,0.27
18,ZIAMA MANSOURIA JIJEL,IIa,0.15,0.27
19,AIN ABESSA,IIa,0.15,0.27
19,AIN ARNAT,IIa,0.15,0.27
19,AIN AZAL,IIa,0.15,0.27
19,AIN EL ARBAA,IIa,0.15,0.27
19,AIN EL KEBIRA,IIa,0.15,0.27
19,AIN KEBIRA,IIa,0.15,0.27
19,AIN LAGRADJ,IIa,0.15,0.27
19,AIN LAHDJAR,IIa,0.15,0.27
19,AIN OULMANE,IIa,0.15,0.27
19,AIN ROMANA,IIa,0.15,0.27
19,AIN ROUA,IIa,0.15,0.27
19,AIN SEBT,IIa,0.15,0.27
19,ALGER,IIa,0.15,0.27
19,AMOUCHA,IIa,0.15,0.27
19,BABAR,IIa,0.15,0.27
19,BABOR,IIa,0.15,0.27
19,BAZER SAKRA,IIa,0.15,0.27
19,BEIDHA BORDJ,IIa,0.15,0.27
19,BELAAS,IIa,0.15,0.27
19,BELLAA,IIa,0.15,0.27
19,BENI AZIZ,IIa,0.15,0.27
19,BENI CHEBANA,IIa,0.15,0.27
19,BENI FOUDA,IIa,0.15,0.27
19,BENI FOUDHALA EL HAKANIA,IIa,0.15,0.27
19,BENI MOUHLI,IIa,0.15,0.27
19,BENI OUARTILANE,IIa,0.15,0.27
19,BIR EL ARCH,IIa,0.15,0.27
19,BIR HADDADA,IIa,0.15,0.27
19,BIR KHADEM,IIa,0.15,0.27
19,BIR MOURAD RAIS,IIa,0.15,0.27
19,BOUANDAS,IIa,0.15,0.27
19,BOUGAA,IIa,0.15,0.27
19,BOUSSELAM,IIa,0.15,0.27
19,CHELGHOUM LAID,IIa,0.15,0.27
19,CONSTANTINE,IIa,0.15,0.27
19,DAR EL BEIDA,IIa,0.15,0.27
19,DEHAMCHA,IIa,0.15,0.27
19,DJEMILA,IIa,0.15,0.27
19,DJMILA,IIa,0.15,0.27
19,DRAA KEBILA,IIa,0.15,0.27
19,EL BAYADH,IIa,0.15,0.27
19,EL BELALA,IIa,0.15,0.27
19,EL EUCH,IIa,0.15,0.27
19,EL EULMA,IIa,0.15,0.27
19,EL HADJAR,IIa,0.15,0.27
19,EL OUELDJA SETIF,IIa,0.15,0.27
19,EL OURICIA,IIa,0.15,0.27
19,EMIR ABDELKADER,IIa,0.15,0.27
19,EULMA,IIa,0.15,0.27
19,FERDJIOUA,IIa,0.15,0.27
19,GUELLAL,IIa,0.15,0.27
19,GUELTA ZERGA,IIa,0.15,0.27
19,GUENZET TASSAMEURT,IIa,0.15,0.27
19,GUIDJEL,IIa,0.15,0.27
19,HAMMAM GUERGOUR,IIa,0.15,0.27
19,HAMMAM SKHOUNA,IIa,0.15,0.27
19,HARBIL,IIa,0.15,0.27
19,JIJEL,IIa,0.15,0.27
19,MAAOUIA,IIa,0.15,0.27
19,MANSOURA,IIa,0.15,0.27
19,MAOUKLANE,IIa,0.15,0.27
19,MEZLOUG,IIa,0.15,0.27
19,OUED EL ANEB,IIa,0.15,0.27
19,OULED SABOR,IIa,0.15,0.27
19,RAS EL AIOUN,IIa,0.15,0.27
19,RAS EL MA,IIa,0.15,0.27
19,SALAH BEY,IIa,0.15,0.27
19,SERDJ EL GHOUL,IIa,0.15,0.27
19,SETIF,IIa,0.15,0.27
19,TACHOUDA,IIa,0.15,0.27
19,TADJENANET,IIa,0.15,0.27
19,TAYA,IIa,0.15,0.27
19,TELLA,IIa,0.15,0.27
19,TIZI NBECHAR,IIa,0.15,0.27
19,TIZI NBERBER,IIa,0.15,0.27
20,EL EULMA,I,0.07,0.12600000000000003
20,HAMADI KROUMA,I,0.07,0.12600000000000003
20,SAIDA,I,0.07,0.12600000000000003
20,SKIKDA,I,0.07,0.12600000000000003
20,TACHOUDA,I,0.07,0.12600000000000003
21,AIN BOUZIANE,IIa,0.15,0.27
21,AIN KECHRA,IIa,0.15,0.27
21,AZZABA,IIa,0.15,0.27
21,BEN AZZOUZ,IIa,0.15,0.27
21,BENI BACHIR,IIa,0.15,0.27
21,BENI OULBANE,IIa,0.15,0.27
21,BENI ZID,IIa,0.15,0.27
21,CHERAIA,IIa,0.15,0.27
21,COLLO,IIa,0.15,0.27
21,EL GHEDIR,IIa,0.15,0.27
21,EL HADAIEK,IIa,0.15,0.27
21,EL HAMMA,IIa,0.15,0.27
21,EL HAOUCH,IIa,0.15,0.27
21,EL HARRACH,IIa,0.15,0.27
21,EL HARROUCH,IIa,0.15,0.27
21,EMDJEZ EDCHICH,IIa,0.15,0.27
21,EMIR ABDELKADER,IIa,0.15,0.27
21,FIL FILA,IIa,0.15,0.27
21,FOUM TOUB,IIa,0.15,0.27
21,HAMADI KROUMA,IIa,0.15,0.27
21,KERKERA,IIa,0.15,0.27
21,OUED ZHOUR,IIa,0.15,0.27
21,OULED HEBABA,IIa,0.15,0.27
21,OUM TOUB,IIa,0.15,0.27
21,RAMDANE DJAMEL,IIa,0.15,0.27
21,SALAH BOUCHAOUR,IIa,0.15,0.27
21,SIDI MEZGHICHE,IIa,0.15,0.27
21,SKIKDA,IIa,0.15,0.27
21,TAMALOUS SKIKDA,IIa,0.15,0.27
21,ZERDEZAS,IIa,0.15,0.27
22,AIN EL BERD,I,0.07,0.12600000000000003
22,LAMTAR,I,0.07,0.12600000000000003
22,MAAFA,I,0.07,0.12600000000000003
22,OUED SEFIOUN,I,0.07,0.12600000000000003
22,SETIF,I,0.07,0.12600000000000003
22,SIDI ALI BENYOUB,I,0.07,0.12600000000000003
22,SIDI BEL ABBES,I,0.07,0.12600000000000003
22,SIDI BRAHIM,I,0.07,0.12600000000000003
22,SIDI LAHCENE,I,0.07,0.12600000000000003
22,TELAGH,I,0.07,0.12600000000000003
23,ADRAR,IIa,0.15,0.27
23,AIN BERDA,IIa,0.15,0.27
23,AIN EL BERD,IIa,0.15,0.27
23,ANNABA,IIa,0.15,0.27
23,AOULEF,IIa,0.15,0.27
23,BERRAHEL,IIa,0.15,0.27
23,BOUTELDJA,IIa,0.15,0.27
23,CHAIBA,IIa,0.15,0.27
23,DAR EL BEIDA,IIa,0.15,0.27
23,DRARIA,IIa,0.15,0.27
23,DREAN,IIa,0.15,0.27
23,ECHATT,IIa,0.15,0.27
23,EL BOUNI,IIa,0.15,0.27
23,EL EULMA,IIa,0.15,0.27
23,EL HADJAR,IIa,0.15,0.27
23,EULMA,IIa,0.15,0.27
23,OUED EL ANEB,IIa,0.15,0.27
23,SERAIDI,IIa,0.15,0.27
23,SIDI AMAR SAIDA,IIa,0.15,0.27
23,SIDI AMER,IIa,0.15,0.27
24,AIN BEN BEIDA,IIa,0.15,0.27
24,AIN MAKHLOUF,IIa,0.15,0.27
24,BELKHEIR,IIa,0.15,0.27
24,BENDJERRAH,IIa,0.15,0.27
24,BOUATI MAHMOUD,IIa,0.15,0.27
24,BOUCHEGOUF,IIa,0.15,0.27
24,BOUMAHRA AHMED,IIa,0.15,0.27
24,DJEBALLAH KHEMISSI,IIa,0.15,0.27
24,EL KHROUB,IIa,0.15,0.27
24,GUELAAT BOUSBAA,IIa,0.15,0.27
24,GUELMA,IIa,0.15,0.27
24,HAMMAM DEBAGH,IIa,0.15,0.27
24,HAMMAM NBAIL,IIa,0.15,0.27
24,HELIOPOLIS,IIa,0.15,0.27
24,MEDJEZ SFA,IIa,0.15,0.27
24,MESAOUD BOUDJERIOU,IIa,0.15,0.27
24,NADOR,IIa,0.15,0.27
24,NECHMAYA,IIa,0.15,0.27
24,OUED CHEHAM,IIa,0.15,0.27
24,OUED FRAGHA,IIa,0.15,0.27
24,OUED ZENATI,IIa,0.15,0.27
24,ROKNIA,IIa,0.15,0.27
24,TAMLOUKA,IIa,0.15,0.27
25,AIN ABID,IIa,0.15,0.27
25,AIN SMARA,IIa,0.15,0.27
25,BEN BADIS CONSTANTINE,IIa,0.15,0.27
25,BENI HAMIDENE,IIa,0.15,0.27
25,BOUDA,IIa,0.15,0.27
25,CONSTANTINE,IIa,0.15,0.27
25,DIDOUCHE MOURAD,IIa,0.15,0.27
25,EL BOUNI,IIa,0.15,0.27
25,EL KHEMIS,IIa,0.15,0.27
25,EL KHROUB,IIa,0.15,0.27
25,HAMMA BOUZIANE,IIa,0.15,0.27
25,IBN ZIAD,IIa,0.15,0.27
25,MANSOURA,IIa,0.15,0.27
25,MESAOUD BOUDJERIOU,IIa,0.15,0.27
25,OUED SEGUEN,IIa,0.15,0.27
25,OULED RAHMOUN,IIa,0.15,0.27
25,SETIF,IIa,0.15,0.27
25,TAMLOUKA,IIa,0.15,0.27
25,ZIGHOUD YOUCEF,IIa,0.15,0.27
26,AIN BOUCHEKIF,IIb,0.25,0.45
26,AIN BOUCIF,I,0.07,0.12600000000000003
26,BABA HASSEN,IIb,0.25,0.45
26,BEN CHICAO,IIb,0.25,0.45
26,BENI SLIMANE,IIb,0.25,0.45
26,BERROUAGHIA,IIb,0.25,0.45
26,BIR KHADEM,IIb,0.25,0.45
26,BOUCHRAHIL,IIb,0.25,0.45
26,BOUGHZOUL,I,0.07,0.12600000000000003
26,BOUSKENE,IIb,0.25,0.45
26,CHELLALAT EL ADHAOURA,IIb,0.25,0.45
26,CHENIGUEL,I,0.07,0.12600000000000003
26,CONSTANTINE,IIb,0.25,0.45
26,DERRAG,IIb,0.25,0.45
26,DJOUAB,IIb,0.25,0.45
26,DRAA ESSMAR,IIb,0.25,0.45
26,EL AOUINET MEDEA,IIa,0.15,0.27
26,EL AZIZIA,IIb,0.25,0.45
26,EL GUELBELKEBIR,IIb,0.25,0.45
26,EL HAMDANIA,IIa,0.15,0.27
26,EL OMARIA,IIb,0.25,0.45
26,KHAMS DJOUAMAA,IIb,0.25,0.45
26,KSAR EL BOUKHARI,IIb,0.25,0.45
26,MAHELMA,IIb,0.25,0.45
26,MEDEA,IIa,0.15,0.27
26,MOUDJEBEUR,IIb,0.25,0.45
26,OUAMRI,IIb,0.25,0.45
26,OUED HARBIL,IIb,0.25,0.45
26,OULED ANTAR,IIb,0.25,0.45
26,OULED BOUACHRA,IIb,0.25,0.45
26,OULED BRAHEM,IIb,0.25,0.45
26,OULED BRAHIM MEDEA,IIa,0.15,0.27
26,OULED DEIDE,IIb,0.25,0.45
26,OULED MAAREF,IIb,0.25,0.45
26,OUZERA,IIb,0.25,0.45
26,REBAIA,IIb,0.25,0.45
26,SEDRAIA,IIb,0.25,0.45
26,SEGHOUANE,IIb,0.25,0.45
26,SI MAHDJOUB,IIb,0.25,0.45
26,SIDI NAAMANE MEDEA,IIa,0.15,0.27
26,SIDI ZAHAR,IIb,0.25,0.45
26,SOUAGUI,IIb,0.25,0.45
26,TABLAT,IIb,0.25,0.45
26,TAFRAOUT,IIb,0.25,0.45
26,TLATET ED DOUAIR,IIb,0.25,0.45
26,ZOUBIRIA,IIb,0.25,0.45
27,ACHAACHA,III,0.4,0.7200000000000001
27,AIN BOUDINAR,IIa,0.15,0.27
27,AIN NOUISSI,IIa,0.15,0.27
27,AIN SIDI CHERIF,IIa,0.15,0.27
27,AIN TEDLES,IIa,0.15,0.27
27,BELKHEIR,IIa,0.15,0.27
27,BIR EL DJIR,IIa,0.15,0.27
27,BOUGUIRAT,IIa,0.15,0.27
27,EL HADJADJ,IIa,0.15,0.27
27,EL HESSIANE,IIa,0.15,0.27
27,EL KHARROUBA,IIa,0.15,0.27
27,FORNAKA,IIa,0.15,0.27
27,HADJADJ,IIa,0.15,0.27
27,HASSI MAAMECHE,IIa,0.15,0.27
27,KHEIR EDDINE,IIa,0.15,0.27
27,MANSOURA,IIa,0.15,0.27
27,MANSOURAH MOSTAGANEM,IIa,0.15,0.27
27,MESRA,IIa,0.15,0.27
27,MEZAGHRANE,IIa,0.15,0.27
27,MOSTAGANEM,IIa,0.15,0.27
27,OUED EL KHEIR,IIa,0.15,0.27
27,OULED BOUGHALEM,III,0.4,0.7200000000000001
27,OULED MAALAH,IIb,0.25,0.45
27,SAFSAF,IIa,0.15,0.27
27,SAYADA,IIa,0.15,0.27
27,SIDI ALI,IIa,0.15,0.27
27,SIDI LAKHDAR MOSTAGANEM,IIb,0.25,0.45
27,SIRAT,IIa,0.15,0.27
27,SOUAFLIA,IIa,0.15,0.27
27,SOUR,IIa,0.15,0.27
27,STIDIA,IIa,0.15,0.27
27,TAZGAIT,IIa,0.15,0.27
27,TOUAHRIA,IIa,0.15,0.27
28,AIN EL HADJEL,I,0.07,0.12600000000000003
28,AIN KHADRA,I,0.07,0.12600000000000003
28,BABA HASSEN,I,0.07,0.12600000000000003
28,BELAIBA,IIa,0.15,0.27
28,BEN SROUR,I,0.07,0.12600000000000003
28,BENI ILMENE,I,0.07,0.12600000000000003
28,BERHOUM,IIa,0.15,0.27
28,BOUIRA,I,0.07,0.12600000000000003
28,BOUROUBA,I,0.07,0.12600000000000003
28,BOUSAADA,I,0.07,0.12600000000000003
28,BOUTI SAYEH,I,0.07,0.12600000000000003
28,CASBAH,I,0.07,0.12600000000000003
28,CHELLAL,I,0.07,0.12600000000000003
28,CHELLALAT EL ADHAOURA,I,0.07,0.12600000000000003
28,DEHAHNA,I,0.07,0.12600000000000003
28,DIRAH,I,0.07,0.12600000000000003
28,DJAAFRA,I,0.07,0.12600000000000003
28,HAMMAM BOUGHRARA,I,0.07,0.12600000000000003
28,HAMMAM DHALAA,I,0.07,0.12600000000000003
28,KHETTOUTI SED EL DJIR,I,0.07,0.12600000000000003
28,KHOUBANA,I,0.07,0.12600000000000003
28,MAADID,IIa,0.15,0.27
28,MAGRA,IIa,0.15,0.27
28,MCIF,I,0.07,0.12600000000000003
28,METARFA,I,0.07,0.12600000000000003
28,MSILA,I,0.07,0.12600000000000003
28,MTARFA,I,0.07,0.12600000000000003
28,OUENOUGHA,I,0.07,0.12600000000000003
28,OULED ADDI GUEBALA,IIa,0.15,0.27
28,OULED DERRADJ,IIa,0.15,0.27
28,OULED MADHI,I,0.07,0.12600000000000003
28,OULED MANSOUR,IIa,0.15,0.27
28,OULED SIDI BRAHIM M SILA,I,0.07,0.12600000000000003
28,SIDI AISSA,I,0.07,0.12600000000000003
28,SIDI HADJERES,I,0.07,0.12600000000000003
28,TAMENTIT,I,0.07,0.12600000000000003
28,TARMOUNT,IIa,0.15,0.27
29,AIN FARES MASCARA,I,0.07,0.12600000000000003
29,AIN FEKAN,IIa,0.15,0.27
29,AIN FRASS,IIa,0.15,0.27
29,ALAIMIA,IIa,0.15,0.27
29,BIR EL DJIR,IIa,0.15,0.27
29,BOUHANIFIA,I,0.07,0.12600000000000003
29,EL HACHEM,I,0.07,0.12600000000000003
29,EL KEURT,IIa,0.15,0.27
29,EL MAMOUNIA,IIa,0.15,0.27
29,FROHA,IIa,0.15,0.27
29,GHRISS,I,0.07,0.12600000000000003
29,HACINE,IIa,0.15,0.27
29,MAOUSSA,IIa,0.15,0.27
29,MASCARA,IIa,0.15,0.27
29,MOHAMMADIA MASCARA,IIa,0.15,0.27
29,OUED EL ABTAL,I,0.07,0.12600000000000003
29,OUED TAGHIA,IIa,0.15,0.27
29,SIDI KADA,IIa,0.15,0.27
29,SIG,IIa,0.15,0.27
29,TIGHENNIF,IIa,0.15,0.27
29,TIZI,IIa,0.15,0.27
29,ZAHANA,IIa,0.15,0.27
30,AIN BEIDA OUARGLA,0,0.02,0.036000000000000004
30,ARZEW ORAN,0,0.02,0.036000000000000004
30,EL BORMA,0,0.02,0.036000000000000004
30,HASSI MESSAOUD,0,0.02,0.036000000000000004
30,NGOUSSA,0,0.02,0.036000000000000004
30,OUARGLA,0,0.02,0.036000000000000004
30,ROUISSAT,0,0.02,0.036000000000000004
30,SIDI AMRANE,0,0.02,0.036000000000000004
30,SIDI KHOUILED,0,0.02,0.036000000000000004
30,TAIBET,0,0.02,0.036000000000000004
30,TOUGGOURT,0,0.02,0.036000000000000004
31,AFIR,IIa,0.15,0.27
31,AIN KERMA ORAN,IIa,0.15,0.27
31,AIN TORKI,IIa,0.15,0.27
31,AIN TURK,IIa,0.15,0.27
31,ARZEW ORAN,IIa,0.15,0.27
31,BEN DAOUD,IIa,0.15,0.27
31,BEN FREHA,IIa,0.15,0.27
31,BETHIOUA,IIa,0.15,0.27
31,BIR EL ARCH,IIa,0.15,0.27
31,BIR EL DJIR,IIa,0.15,0.27
31,BIR FODDA,IIa,0.15,0.27
31,BOUFATIS,IIa,0.15,0.27
31,BOUSFER,IIa,0.15,0.27
31,BOUTLELIS,IIa,0.15,0.27
31,DAR EL BEIDA,IIa,0.15,0.27
31,DAR YAGHMOURASSENE,IIa,0.15,0.27
31,EL AMRIA,IIa,0.15,0.27
31,EL ANCOR ORAN,IIa,0.15,0.27
31,EL ANSEUR,IIa,0.15,0.27
31,EL BAYADH,IIa,0.15,0.27
31,EL BRAYA,IIa,0.15,0.27
31,EL FEIDH,IIa,0.15,0.27
31,EL KARIMIA,IIa,0.15,0.27
31,EL KARMA,IIa,0.15,0.27
31,EMIR ABDELKADER,IIa,0.15,0.27
31,ES SENIA,IIa,0.15,0.27
31,EULMA,IIa,0.15,0.27
31,FELLAOUCENE,IIa,0.15,0.27
31,FENOUGHIL,IIa,0.15,0.27
31,GDYEL,IIa,0.15,0.27
31,HASSI BEN OKBA,IIa,0.15,0.27
31,HASSI BOUNIF,IIa,0.15,0.27
31,LIOUA,IIa,0.15,0.27
31,MAHDIA,IIa,0.15,0.27
31,MARSAT EL HADJADJ,IIa,0.15,0.27
31,MERS EL KEBIR,IIa,0.15,0.27
31,MISSERGHIN,IIa,0.15,0.27
31,MOHAMED BOUDIAF,IIa,0.15,0.27
31,ORAN,IIa,0.15,0.27
31,OUED TLELAT,IIa,0.15,0.27
31,SAIDA,IIa,0.15,0.27
31,SALI,IIa,0.15,0.27
31,SIDI CHAMI,IIa,0.15,0.27
31,SIDI MAAROUF,IIa,0.15,0.27
31,SIG,IIa,0.15,0.27
31,STILL,IIa,0.15,0.27
31,TAFRAOUI,IIa,0.15,0.27
31,TAFRAOUT,IIa,0.15,0.27
31,TENDLA,IIa,0.15,0.27
31,TIT,IIa,0.15,0.27
31,TLEMCEN,IIa,0.15,0.27
31,ZAHANA,IIa,0.15,0.27
32,BOUGTOUB,I,0.07,0.12600000000000003
32,EL BAYADH,I,0.07,0.12600000000000003
32,EL BORDJ,I,0.07,0.12600000000000003
32,KEF EL AHMAR,I,0.07,0.12600000000000003
33,ILLIZI,0,0.02,0.036000000000000004
34,AIN TAGHROUT,IIa,0.15,0.27
34,AIN TASSERA,IIa,0.15,0.27
34,ALGER,IIa,0.15,0.27
34,BELIMOUR,IIa,0.15,0.27
34,BEN DAOUD,IIa,0.15,0.27
34,BENDAOUD,IIa,0.15,0.27
34,BIR KASDALI,IIa,0.15,0.27
34,BORDJ BEN AZZOUZ,IIa,0.15,0.27
34,BORDJ BOU ARRERIDJ,IIa,0.15,0.27
34,BORDJ GHDIR,IIa,0.15,0.27
34,BORDJ ZEMOURA,IIa,0.15,0.27
34,BOUMERDES,IIa,0.15,0.27
34,CHERAGA ALGER,IIa,0.15,0.27
34,DJAAFRA,IIa,0.15,0.27
34,DRARIA,IIa,0.15,0.27
34,EL ACHIR,IIa,0.15,0.27
34,EL ANCER,IIa,0.15,0.27
34,EL ANSEUR,IIa,0.15,0.27
34,EL BORDJ,IIa,0.15,0.27
34,EL EUCH,IIa,0.15,0.27
34,EL EULMA,IIa,0.15,0.27
34,EL GHEDIR,IIa,0.15,0.27
34,EL HAMMADIA,IIa,0.15,0.27
34,EL KSEUR,IIa,0.15,0.27
34,EL MAIN,IIa,0.15,0.27
34,EL MANSOURA,IIa,0.15,0.27
34,EL MHIR,IIa,0.15,0.27
34,GHILASSA,IIa,0.15,0.27
34,GUENZET TASSAMEURT,IIa,0.15,0.27
34,HAMADIA,IIa,0.15,0.27
34,HAMMA ANASSERS,IIa,0.15,0.27
34,HARAZA,IIa,0.15,0.27
34,HASNAOUA,IIa,0.15,0.27
34,HASSASNA,IIa,0.15,0.27
34,KHELIL,IIa,0.15,0.27
34,KOLEA,IIa,0.15,0.27
34,KSOUR,IIa,0.15,0.27
34,MANSOURA,IIa,0.15,0.27
34,MEDJANA,IIa,0.15,0.27
34,OULED BRAHEM,IIa,0.15,0.27
34,OULED DAHMANE,IIa,0.15,0.27
34,OULED HADJADJ,IIa,0.15,0.27
34,OULED SIDI BRAHIM B.B ARRERIDJ,IIa,0.15,0.27
34,OULED SIDI BRAHIM M SILA,IIa,0.15,0.27
34,RABTA,IIa,0.15,0.27
34,RAS EL OUED,IIa,0.15,0.27
34,SEDRATA,IIa,0.15,0.27
34,SETIF,IIa,0.15,0.27
34,SIDI EMBAREK,IIa,0.15,0.27
34,TAFREG,IIa,0.15,0.27
34,TAGLAIT,IIa,0.15,0.27
34,THENIA,IIa,0.15,0.27
34,THENIET EL ANSEUR,IIa,0.15,0.27
34,TIXTER,IIa,0.15,0.27
35,AFIR,IIb,0.25,0.45
35,BAGHLIA,IIb,0.25,0.45
35,BELIMOUR,III,0.4,0.7200000000000001
35,BEN CHOUD,III,0.4,0.7200000000000001
35,BENI AMRANE,IIb,0.25,0.45
35,BORDJ BOU ARRERIDJ,III,0.4,0.7200000000000001
35,BORDJ EL BAHRI,III,0.4,0.7200000000000001
35,BORDJ MENAIEL,III,0.4,0.7200000000000001
35,BOUDOUAOU,III,0.4,0.7200000000000001
35,BOUDOUAOU EL BAHRI,III,0.4,0.7200000000000001
35,BOUMERDES,III,0.4,0.7200000000000001
35,BOUZEGZA KEDDARA,III,0.4,0.7200000000000001
35,CHABET EL AMEUR,III,0.4,0.7200000000000001
35,CORSO,III,0.4,0.7200000000000001
35,DELLYS,III,0.4,0.7200000000000001
35,DJANET,III,0.4,0.7200000000000001
35,DJINET,III,0.4,0.7200000000000001
35,EL KHARROUBA,III,0.4,0.7200000000000001
35,HAMADI KROUMA,III,0.4,0.7200000000000001
35,HAMADIA,III,0.4,0.7200000000000001
35,HAMMEDI,III,0.4,0.7200000000000001
35,HARAOUA,III,0.4,0.7200000000000001
35,ISSER,IIb,0.25,0.45
35,KHEMIS EL KHECHNA,IIb,0.25,0.45
35,KHEMIS MILIANA,III,0.4,0.7200000000000001
35,LAGHATA,III,0.4,0.7200000000000001
35,LARBATACHE,IIb,0.25,0.45
35,NACIRIA,IIb,0.25,0.45
35,OULED AISSA,III,0.4,0.7200000000000001
35,OULED AISSA BOUMERDES,III,0.4,0.7200000000000001
35,OULED BRAHEM,III,0.4,0.7200000000000001
35,OULED HADJADJ,III,0.4,0.7200000000000001
35,OULED HEDADJ,III,0.4,0.7200000000000001
35,OULED MOUSSA,IIb,0.25,0.45
35,REGHAIA,III,0.4,0.7200000000000001
35,ROUIBA,III,0.4,0.7200000000000001
35,SI MUSTAPHA,III,0.4,0.7200000000000001
35,SIDI DAOUD,III,0.4,0.7200000000000001
35,SIDI MOUSSA,III,0.4,0.7200000000000001
35,SOUK EL HAD BOUMERDES,IIb,0.25,0.45
35,SOUK EL KHEMIS,III,0.4,0.7200000000000001
35,TAOURGA,III,0.4,0.7200000000000001
35,THENIA,III,0.4,0.7200000000000001
35,TIDJELABINE,III,0.4,0.7200000000000001
35,TIMEZRIT,IIa,0.15,0.27
35,TIMZRIT,III,0.4,0.7200000000000001
35,ZEMMOURI,III,0.4,0.7200000000000001
36,AIN KERMA EL TARF,IIa,0.15,0.27
36,AKABILI,IIa,0.15,0.27
36,ASFOUR,IIa,0.15,0.27
36,BEN MHIDI,IIa,0.15,0.27
36,BERRIHANE,IIa,0.15,0.27
36,BESBES,IIa,0.15,0.27
36,BESBES EL TARF,IIa,0.15,0.27
36,CHIHANI,IIa,0.15,0.27
36,DREAN,IIa,0.15,0.27
36,ECHATT,IIa,0.15,0.27
36,EL KALA,IIa,0.15,0.27
36,EL-TARF,IIa,0.15,0.27
36,LAC DES OISEAUX,IIa,0.15,0.27
36,OULED RAHMOUN,IIa,0.15,0.27
36,ZERIZER,IIa,0.15,0.27
38,BORDJ EL EMIR ABDELKADER,IIa,0.15,0.27
38,BOUDA,IIa,0.15,0.27
38,EL EULMA,IIa,0.15,0.27
38,FENOUGHIL,IIa,0.15,0.27
38,HAMADIA,IIa,0.15,0.27
38,KHEMISTI TISSEMSILT,IIa,0.15,0.27
38,LARDJEM,IIa,0.15,0.27
38,LAYOUNE,IIa,0.15,0.27
38,OULED BESSEM,IIa,0.15,0.27
38,SIDI SLIMANE,IIa,0.15,0.27
38,STILL,IIa,0.15,0.27
38,THENIET EL HAD,IIa,0.15,0.27
38,TISSEMSILT,IIa,0.15,0.27
38,TIT,IIa,0.15,0.27
39,BAYADHA,0,0.02,0.036000000000000004
39,EL BAYADH,0,0.02,0.036000000000000004
39,EL OUED,0,0.02,0.036000000000000004
39,GUEMAR,0,0.02,0.036000000000000004
39,HAMRAIA,0,0.02,0.036000000000000004
39,HASSANI ABDELKRIM,0,0.02,0.036000000000000004
39,HASSI KHELIFA,0,0.02,0.036000000000000004
39,KOUININE,0,0.02,0.036000000000000004
39,MAGRANE,0,0.02,0.036000000000000004
39,MIH OUENSA,0,0.02,0.036000000000000004
39,NAKHLA,0,0.02,0.036000000000000004
39,OUED EL ALENDA,0,0.02,0.036000000000000004
39,OURMES,0,0.02,0.036000000000000004
39,REGUIBA,0,0.02,0.036000000000000004
39,ROBBAH,0,0.02,0.036000000000000004
39,SIDI AOUN,0,0.02,0.036000000000000004
39,TALEB LARBI,0,0.02,0.036000000000000004
39,TRIFAOU,0,0.02,0.036000000000000004
40,AIN TOUILA,I,0.07,0.12600000000000003
40,AIN TOUTA,I,0.07,0.12600000000000003
40,BABAR,I,0.07,0.12600000000000003
40,BAGHAI,I,0.07,0.12600000000000003
40,BAGHLIA,I,0.07,0.12600000000000003
40,BOUHMAMA,I,0.07,0.12600000000000003
40,CHELIA,I,0.07,0.12600000000000003
40,EL HAMMA,I,0.07,0.12600000000000003
40,EL MAHMAL,I,0.07,0.12600000000000003
40,ENSIGHA,I,0.07,0.12600000000000003
40,KAIS,I,0.07,0.12600000000000003
40,KHENCHELA,I,0.07,0.12600000000000003
40,MTOUSSA,I,0.07,0.12600000000000003
40,REMILA,I,0.07,0.12600000000000003
40,TAMZA,I,0.07,0.12600000000000003
40,TAOUZIANAT,I,0.07,0.12600000000000003
40,YABOUS,I,0.07,0.12600000000000003
41,AHMER EL AIN,I,0.07,0.12600000000000003
41,AIN SOLTANE AIN DEFLA,I,0.07,0.12600000000000003
41,AIN SOLTANE SOUK AHRAS,I,0.07,0.12600000000000003
41,BOU ISMAIL,I,0.07,0.12600000000000003
41,HADJOUT,I,0.07,0.12600000000000003
41,MDAOUROUCHE,I,0.07,0.12600000000000003
41,MENACEUR,I,0.07,0.12600000000000003
41,MERAHNA,I,0.07,0.12600000000000003
41,MEURAD,I,0.07,0.12600000000000003
41,OUED KEBERIT,I,0.07,0.12600000000000003
41,OULED DRISS,I,0.07,0.12600000000000003
41,SEDRATA,I,0.07,0.12600000000000003
41,SIDI AMER,I,0.07,0.12600000000000003
41,SOUK-AHRAS,I,0.07,0.12600000000000003
41,TAOURA,I,0.07,0.12600000000000003
42,AHMER EL AIN,III,0.4,0.7200000000000001
42,AIN BENIAN (AIN DEFLA),III,0.4,0.7200000000000001
42,AIN NAGA,III,0.4,0.7200000000000001
42,AIN TAGOURAIT,III,0.4,0.7200000000000001
42,BERROUAGHIA,III,0.4,0.7200000000000001
42,BORDJ BADJI MOKHTAR,III,0.4,0.7200000000000001
42,BOU ISMAIL,III,0.4,0.7200000000000001
42,BOUDOUAOU,III,0.4,0.7200000000000001
42,BOUFARIK,III,0.4,0.7200000000000001
42,BOUHAROUN,III,0.4,0.7200000000000001
42,BOURKIKA,III,0.4,0.7200000000000001
42,CHAIBA,III,0.4,0.7200000000000001
42,CHELGHOUM LAID,III,0.4,0.7200000000000001
42,CHERAGA ALGER,III,0.4,0.7200000000000001
42,CHERCHEL,III,0.4,0.7200000000000001
42,DAMOUS,III,0.4,0.7200000000000001
42,DELY BRAHIM,III,0.4,0.7200000000000001
42,DOUAOUDA,III,0.4,0.7200000000000001
42,ECH CHAIBA,III,0.4,0.7200000000000001
42,EL BIAR,III,0.4,0.7200000000000001
42,EL HARRACH,III,0.4,0.7200000000000001
42,EL KARIMIA,III,0.4,0.7200000000000001
42,FOUKA,III,0.4,0.7200000000000001
42,GOURAYA,III,0.4,0.7200000000000001
42,HADJERET ENNOUS,III,0.4,0.7200000000000001
42,HADJOUT,III,0.4,0.7200000000000001
42,HATTATBA,III,0.4,0.7200000000000001
42,KHEMIS MILIANA,III,0.4,0.7200000000000001
42,KHEMISTI TIPAZA,III,0.4,0.7200000000000001
42,KOLEA,III,0.4,0.7200000000000001
42,LARHAT,III,0.4,0.7200000000000001
42,MAHELMA,III,0.4,0.7200000000000001
42,MENACEUR,III,0.4,0.7200000000000001
42,MESSELMOUN,III,0.4,0.7200000000000001
42,MEURAD,III,0.4,0.7200000000000001
42,NADOR,III,0.4,0.7200000000000001
42,NADORAH,III,0.4,0.7200000000000001
42,OULED FAYET,III,0.4,0.7200000000000001
42,SIDI AMAR TIPAZA,III,0.4,0.7200000000000001
42,SIDI AMER,III,0.4,0.7200000000000001
42,SIDI GHILES,III,0.4,0.7200000000000001
42,SIDI MHAMED ALGER,III,0.4,0.7200000000000001
42,SIDI MOUSSA,III,0.4,0.7200000000000001
42,SIDI RACHED,III,0.4,0.7200000000000001
42,SOUIDANIA,III,0.4,0.7200000000000001
42,STAOUELI,III,0.4,0.7200000000000001
42,TELAGHMA,III,0.4,0.7200000000000001
42,TIPAZA,III,0.4,0.7200000000000001
42,ZERALDA,III,0.4,0.7200000000000001
43,AHMED RACHDI,IIa,0.15,0.27
43,AIN MELLOUK,IIa,0.15,0.27
43,AIN MLILA,IIa,0.15,0.27
43,AIN SMARA,IIa,0.15,0.27
43,AIN TINE,IIa,0.15,0.27
43,AMIRA ARRES,IIa,0.15,0.27
43,ANNABA,IIa,0.15,0.27
43,AZZABA,IIa,0.15,0.27
43,BENI GUECHA,IIa,0.15,0.27
43,BENYAHIA ABDERRAHMANE,IIa,0.15,0.27
43,BOUHATEM,IIa,0.15,0.27
43,CHEGUIG,IIa,0.15,0.27
43,CHELGHOUM LAID,IIa,0.15,0.27
43,CHERAGA MILA,IIa,0.15,0.27
43,DERRADJI BOUSSELAH,IIa,0.15,0.27
43,EL AYADI BARBES,IIa,0.15,0.27
43,EL MCHIRA,IIa,0.15,0.27
43,FERDJIOUA,IIa,0.15,0.27
43,GRAREM GOUGA,IIa,0.15,0.27
43,HADJOUT,IIa,0.15,0.27
43,HAMALA,IIa,0.15,0.27
43,JIJEL,IIa,0.15,0.27
43,MECHRIA,IIa,0.15,0.27
43,MILA,IIa,0.15,0.27
43,MILIANA,IIa,0.15,0.27
43,MINAR ZARZA,IIa,0.15,0.27
43,OUED ATHMANIA,IIa,0.15,0.27
43,OUED ENDJA,IIa,0.15,0.27
43,OUED SEGUEN,IIa,0.15,0.27
43,OULED HAMLA,IIa,0.15,0.27
43,OULED KHELLOUF,IIa,0.15,0.27
43,ROUACHED,IIa,0.15,0.27
43,SETIF,IIa,0.15,0.27
43,SIDI KHELIFA,IIa,0.15,0.27
43,SIDI MEROUANE,IIa,0.15,0.27
43,TADJENANET,IIa,0.15,0.27
43,TASSADANE HADDADA,IIa,0.15,0.27
43,TASSALA LEMTAI,IIa,0.15,0.27
43,TELAGHMA,IIa,0.15,0.27
43,TERRAI BAINEM,IIa,0.15,0.27
43,TIBERGUENT,IIa,0.15,0.27
43,ZEGHAIA,IIa,0.15,0.27
44,ADRAR,IIa,0.15,0.27
44,AIN BENIAN (AIN DEFLA),IIb,0.25,0.45
44,AIN BOUYAHIA,III,0.4,0.7200000000000001
44,AIN SOLTANE AIN DEFLA,IIb,0.25,0.45
44,AIN TORKI,IIb,0.25,0.45
44,AIN-DEFLA,IIa,0.15,0.27
44,ARIB,IIb,0.25,0.45
44,BENI HAOUA,IIa,0.15,0.27
44,BORDJ EMIR KHALED,IIa,0.15,0.27
44,BOUMEDFAA,IIa,0.15,0.27
44,BOURACHED,IIb,0.25,0.45
44,CHLEF,IIa,0.15,0.27
44,DHAYA,IIa,0.15,0.27
44,DJELIDA,IIa,0.15,0.27
44,DJEMAA OULED CHEIKH,IIa,0.15,0.27
44,DJENDEL,IIa,0.15,0.27
44,EL ABBADIA,IIa,0.15,0.27
44,EL AMRA,IIb,0.25,0.45
44,EL ATTAF,III,0.4,0.7200000000000001
44,EL ATTEUF,IIa,0.15,0.27
44,EL MAIN,IIa,0.15,0.27
44,EL MAYENE,IIa,0.15,0.27
44,HAMMAM RIGHA,IIb,0.25,0.45
44,KHEMIS MILIANA,IIa,0.15,0.27
44,MEKHATRIA,IIb,0.25,0.45
44,MILIANA,IIa,0.15,0.27
44,ROUINA,IIb,0.25,0.45
44,SIDI LAKHDAR AIN DEFLA,IIb,0.25,0.45
44,TACHTA ZEGARRA,IIa,0.15,0.27
44,TAMZOUGHA,IIa,0.15,0.27
44,TIBERGUENT,IIa,0.15,0.27
44,TIBERKANINE,IIb,0.25,0.45
44,ZEDDINE,IIb,0.25,0.45
45,AIN SEFRA,I,0.07,0.12600000000000003
45,BORDJ BOU ARRERIDJ,I,0.07,0.12600000000000003
45,MECHRIA,I,0.07,0.12600000000000003
46,AIN EL ARBAA,IIa,0.15,0.27
46,AIN LARBI,IIa,0.15,0.27
46,AIN-TEMOUCHENT,IIa,0.15,0.27
46,BENI SAF,IIa,0.15,0.27
46,BIR EL DJIR,IIa,0.15,0.27
46,BOUZEDJAR AIN TEMOUCHENT,IIa,0.15,0.27
46,EL ABBADIA,IIa,0.15,0.27
46,EL AMRIA,IIa,0.15,0.27
46,EL ATTAF,IIa,0.15,0.27
46,EL MALAH,IIa,0.15,0.27
46,HAMMAM BOUHADJAR,IIa,0.15,0.27
46,ORAN,IIa,0.15,0.27
46,OULHACA GHERRABA AIN TEMOUCHENT,IIa,0.15,0.27
46,TAMESGUIDA,IIa,0.15,0.27
46,TAMZOUGHA,IIa,0.15,0.27
47,AIN-DEFLA,0,0.02,0.036000000000000004
47,BERRIANE,0,0.02,0.036000000000000004
47,EL ATTEUF,0,0.02,0.036000000000000004
47,GHARDAIA,0,0.02,0.036000000000000004
47,METLILI,0,0.02,0.036000000000000004
47,OUARGLA,0,0.02,0.036000000000000004
48,DJIDIOUIA,IIb,0.25,0.45
48,OUED RHIOU,IIb,0.25,0.45
48,OULED YAICH RELIZANE,IIa,0.15,0.27
48,RELIZANE,IIa,0.15,0.27
48,SIDI KHETTAB,IIa,0.15,0.27
48,SIDI MHAMED BEN ALI RELIZANE,IIa,0.15,0.27
49,TIMIAOUINE,0,0.02,0.036000000000000004
50,BORDJ BADJI MOKHTAR,0,0.02,0.036000000000000004
50,BORDJ BOU ARRERIDJ,0,0.02,0.036000000000000004
50,EL ACHIR,0,0.02,0.036000000000000004
50,TIMIAOUINE,0,0.02,0.036000000000000004
51,BACH DJERRAH,I,0.07,0.12600000000000003
51,CHAIBA,I,0.07,0.12600000000000003
51,OULED DJELLAL,I,0.07,0.12600000000000003
51,ZERALDA,I,0.07,0.12600000000000003
53,IN SALAH,0,0.02,0.036000000000000004
54,IN GUEZZAM,0,0.02,0.036000000000000004
54,TAMANRASSET,0,0.02,0.036000000000000004
54,TIN ZAOUATINE,0,0.02,0.036000000000000004
55,NEZLA,0,0.02,0.036000000000000004
55,TEBESBEST,0,0.02,0.036000000000000004
55,TOUGGOURT,0,0.02,0.036000000000000004
56,DJANET,0,0.02,0.036000000000000004
57,DJAMAA,0,0.02,0.036000000000000004
57,EL MGHAIR,0,0.02,0.036000000000000004
57,OUM TIOUR,0,0.02,0.036000000000000004
57,OUM TOUYOUR,0,0.02,0.036000000000000004
57,TENDLA,0,0.02,0.036000000000000004
